City_ID,City,Country,Date,Lat,Lng,Max Temp,Humidity,Cloudiness,Wind Speed
0,Ponta Do Sol,PT,2022-02-19 03:10:40,32.6667,-17.1,61.05,87,97,9.53
1,Colesberg,ZA,2022-02-19 03:10:41,-30.72,25.0972,63.36,78,76,4.18
2,Omsukchan,RU,2022-02-19 03:10:41,62.5333,155.8,-19.59,97,98,5.53
3,Namatanai,PG,2022-02-19 03:10:41,-3.6667,152.4333,85.32,71,98,13.38
4,Yellowknife,CA,2022-02-19 03:06:21,62.456,-114.3525,-19.71,98,100,5.17
5,Walvis Bay,NA,2022-02-19 03:10:42,-22.9575,14.5053,71.1,87,57,6.6
6,Avarua,CK,2022-02-19 03:10:42,-21.2078,-159.775,82.45,74,20,10.36
7,Sambava,MG,2022-02-19 03:10:42,-14.2667,50.1667,74.34,82,100,7.43
8,Faanui,PF,2022-02-19 03:10:43,-16.4833,-151.75,80.89,72,62,9.73
9,Zhigansk,RU,2022-02-19 03:10:43,66.7697,123.3711,-27.18,97,62,3.18
10,Tuktoyaktuk,CA,2022-02-19 03:10:43,69.4541,-133.0374,-12.73,98,99,2.71
11,Ketchikan,US,2022-02-19 03:10:44,55.3422,-131.6461,43.27,100,100,4.61
12,Arraial Do Cabo,BR,2022-02-19 03:09:07,-22.9661,-42.0278,74.84,85,100,10.22
13,Hithadhoo,MV,2022-02-19 03:10:44,-0.6,73.0833,81.79,68,93,7.27
14,Port Elizabeth,ZA,2022-02-19 03:10:44,-33.918,25.5701,63.1,88,21,9.4
15,Sao Jose Da Coroa Grande,BR,2022-02-19 03:10:45,-8.8978,-35.1478,79.05,78,17,8.57
16,Sitka,US,2022-02-19 03:10:45,57.0531,-135.33,40.89,87,100,8.05
17,Rikitea,PF,2022-02-19 03:10:45,-23.1203,-134.9692,78.46,65,0,9.53
18,Ust-Kuyga,RU,2022-02-19 03:10:46,70.0167,135.6,-30.48,100,98,5.26
19,Yarensk,RU,2022-02-19 03:10:46,62.1675,49.0916,32.36,95,100,9.86
20,Urumqi,CN,2022-02-19 03:10:46,43.801,87.6005,2.35,92,40,0.0
21,Victoria,HK,2022-02-19 03:07:08,22.2855,114.1577,58.24,90,100,13.0
22,Hobart,AU,2022-02-19 03:10:47,-42.8794,147.3294,79.02,24,0,12.66
23,Saskylakh,RU,2022-02-19 03:10:47,71.9167,114.0833,-22.99,96,6,8.66
24,Ushuaia,AR,2022-02-19 03:07:45,-54.8,-68.3,40.66,60,75,11.5
25,Kapaa,US,2022-02-19 03:10:47,22.0752,-159.319,78.78,72,0,16.11
26,Tiksi,RU,2022-02-19 03:10:48,71.6872,128.8694,-25.42,99,76,4.18
27,Castro,BR,2022-02-19 03:10:48,-24.7911,-50.0119,55.62,95,33,3.91
28,Vaini,TO,2022-02-19 03:10:48,-21.2,-175.2,87.96,74,20,6.91
29,Kahului,US,2022-02-19 03:06:06,20.8947,-156.47,78.82,79,40,18.41
30,Port Alfred,ZA,2022-02-19 03:10:49,-33.5906,26.891,68.41,85,18,16.22
31,Severo-Kurilsk,RU,2022-02-19 03:08:58,50.6789,156.125,30.43,69,100,7.81
32,Busselton,AU,2022-02-19 03:10:49,-33.65,115.3333,92.05,26,0,1.68
33,Hilo,US,2022-02-19 03:10:50,19.7297,-155.09,76.73,86,40,10.36
34,Erenhot,CN,2022-02-19 03:10:50,43.6475,111.9767,6.49,73,4,11.95
35,Aksarka,RU,2022-02-19 03:10:50,66.5606,67.7975,23.02,94,100,17.45
36,Palmer,US,2022-02-19 03:10:51,42.1584,-72.3287,24.89,55,0,12.66
37,Carnarvon,AU,2022-02-19 03:10:51,-24.8667,113.6333,95.07,43,64,10.36
38,Vila,PT,2022-02-19 03:10:51,42.0304,-8.1588,35.33,84,71,6.6
39,Dashitou,CN,2022-02-19 03:10:52,43.3067,128.5114,12.27,67,44,12.26
40,Isangel,VU,2022-02-19 03:07:47,-19.55,169.2667,86.11,79,100,6.91
41,Cidreira,BR,2022-02-19 03:10:52,-30.1811,-50.2056,72.68,75,0,11.63
42,Bauska,LV,2022-02-19 03:10:52,56.4075,24.1906,33.55,97,100,19.77
43,Barrow,US,2022-02-19 03:10:53,71.2906,-156.7887,-21.98,69,0,8.05
44,Cape Town,ZA,2022-02-19 03:08:15,-33.9258,18.4232,68.11,70,0,7.49
45,Petropavlovsk-Kamchatskiy,RU,2022-02-19 03:10:53,53.0452,158.6483,28.99,43,20,15.66
46,Husavik,IS,2022-02-19 03:10:54,66.0449,-17.3389,14.72,90,89,9.64
47,Nikolskoye,RU,2022-02-19 03:10:54,59.7035,30.7861,34.72,90,98,8.72
48,Chokwe,MZ,2022-02-19 03:10:54,-24.5333,32.9833,68.36,88,0,5.91
49,Andenes,NO,2022-02-19 03:10:55,69.3143,16.1194,30.18,59,100,17.27
50,Airai,TL,2022-02-19 03:11:55,-8.9266,125.4092,71.55,74,76,2.62
51,Qaqortoq,GL,2022-02-19 03:11:56,60.7167,-46.0333,7.3,85,76,4.65
52,Mahebourg,MU,2022-02-19 03:11:56,-20.4081,57.7,76.24,90,100,25.7
53,Yanam,IN,2022-02-19 03:11:57,16.7333,82.2167,77.4,65,7,2.89
54,Provideniya,RU,2022-02-19 03:11:57,64.3833,-173.3,-4.92,91,11,2.1
55,Kaitangata,NZ,2022-02-19 03:11:57,-46.2817,169.8464,56.59,72,100,8.14
56,Amurzet,RU,2022-02-19 03:11:58,47.6967,131.0981,11.37,84,100,5.26
57,Te Anau,NZ,2022-02-19 03:07:18,-45.4167,167.7167,57.9,65,52,5.35
58,Mar Del Plata,AR,2022-02-19 03:11:58,-38.0023,-57.5575,69.1,85,0,21.0
59,New Norfolk,AU,2022-02-19 03:11:59,-42.7826,147.0587,78.66,26,94,1.99
60,Son La,VN,2022-02-19 03:07:51,21.3167,103.9,67.08,97,100,2.51
61,Kerema,PG,2022-02-19 03:11:59,-7.9631,145.7785,84.36,74,48,8.52
62,Ostersund,SE,2022-02-19 03:11:59,63.1792,14.6357,12.65,100,100,4.61
63,Naze,JP,2022-02-19 03:12:00,28.3667,129.4833,59.92,87,100,16.08
64,Pisco,PE,2022-02-19 03:12:00,-13.7,-76.2167,69.85,83,0,8.05
65,Nome,US,2022-02-19 03:12:01,64.5011,-165.4064,3.27,60,0,3.44
66,Wichita Falls,US,2022-02-19 03:12:02,33.9137,-98.4934,42.93,53,0,6.91
67,Hermanus,ZA,2022-02-19 03:12:02,-34.4187,19.2345,67.89,83,0,5.21
68,Coquimbo,CL,2022-02-19 03:12:02,-29.9533,-71.3436,62.33,82,0,3.44
69,Bethel,US,2022-02-19 03:12:03,41.3712,-73.414,29.05,60,0,5.75
70,Le Vauclin,MQ,2022-02-19 03:12:03,14.5452,-60.8388,75.85,83,75,0.0
71,Kropotkin,RU,2022-02-19 03:12:03,45.4375,40.5756,42.91,93,99,7.47
72,Kodiak,US,2022-02-19 03:12:04,57.79,-152.4072,42.31,61,100,8.05
73,Albany,US,2022-02-19 03:11:58,42.6001,-73.9662,19.74,68,6,8.77
74,Trelew,AR,2022-02-19 03:12:04,-43.249,-65.3051,71.78,34,17,7.85
75,Lipin Bor,RU,2022-02-19 03:12:05,60.2622,37.9763,28.98,90,89,13.94
76,Trairi,BR,2022-02-19 03:09:59,-3.2778,-39.2689,77.5,84,17,6.71
77,Altay,CN,2022-02-19 03:12:05,47.8667,88.1167,9.72,67,3,4.76
78,Mataura,NZ,2022-02-19 03:12:06,-46.1927,168.8643,58.48,42,86,7.36
79,Bluff,NZ,2022-02-19 03:12:06,-46.6,168.3333,58.8,57,42,13.87
80,Kamareddi,IN,2022-02-19 03:12:06,18.3167,78.35,73.51,47,14,10.45
81,San Patricio,US,2022-02-19 03:12:07,28.017,-97.5169,54.91,50,92,8.12
82,Hirara,JP,2022-02-19 03:12:07,24.8,125.2833,70.07,94,75,17.27
83,Tarboro,US,2022-02-19 03:08:14,35.8968,-77.5358,49.1,45,0,4.61
84,Ayacucho,PE,2022-02-19 03:12:07,-13.1583,-74.2239,57.6,81,96,2.21
85,Aksu,CN,2022-02-19 03:12:08,41.1231,80.2644,26.92,39,26,2.37
86,Karratha,AU,2022-02-19 03:12:08,-20.7377,116.8463,102.18,26,58,14.43
87,Kyabe,TD,2022-02-19 03:12:08,9.4515,18.9449,75.96,13,10,8.59
88,Huejuquilla El Alto,MX,2022-02-19 03:12:09,22.6,-103.8667,56.16,37,5,2.84
89,Grand Baie,MU,2022-02-19 03:13:09,-20.0182,57.5802,76.44,88,100,7.0
90,Georgetown,MY,2022-02-19 03:09:30,5.4112,100.3354,85.95,72,20,10.36
91,Xichang,CN,2022-02-19 03:13:10,27.8964,102.2634,48.51,49,81,3.87
92,Punta Arenas,CL,2022-02-19 03:13:10,-53.15,-70.9167,41.11,75,75,9.22
93,Tharad,IN,2022-02-19 03:13:10,24.3961,71.6267,68.65,27,0,5.91
94,Soyo,AO,2022-02-19 03:13:11,-6.1349,12.3689,79.39,84,100,5.37
95,Esperance,AU,2022-02-19 03:11:07,-33.8667,121.9,83.7,34,10,2.71
96,Maldonado,UY,2022-02-19 03:13:11,-34.6667,-54.9167,67.39,91,0,7.99
97,Byron Bay,AU,2022-02-19 03:11:23,-28.65,153.6167,82.87,83,19,12.46
98,Miyang,CN,2022-02-19 03:13:12,24.4042,103.4428,55.92,86,99,4.41
99,Beringovskiy,RU,2022-02-19 03:13:12,63.05,179.3167,-9.76,94,12,6.82
100,Tema,GH,2022-02-19 03:13:13,5.667,-0.0166,79.95,77,98,11.88
101,Padang,ID,2022-02-19 03:13:13,-0.9492,100.3543,84.25,62,100,1.95
102,Lebu,CL,2022-02-19 03:13:13,-37.6167,-73.65,57.4,89,0,11.7
103,Cedar City,US,2022-02-19 03:13:04,37.6775,-113.0619,38.39,48,0,5.75
104,Okhotsk,RU,2022-02-19 03:13:14,59.3833,143.3,3.65,72,99,10.83
105,East London,ZA,2022-02-19 03:13:14,-33.0153,27.9116,69.58,80,50,16.69
106,Mount Isa,AU,2022-02-19 03:13:15,-20.7333,139.5,96.57,23,2,11.5
107,Williams Lake,CA,2022-02-19 03:13:15,52.1415,-122.1445,42.37,93,100,8.05
108,Takoradi,GH,2022-02-19 03:13:15,4.8845,-1.7554,78.69,89,52,7.2
109,Chokurdakh,RU,2022-02-19 03:13:16,70.6333,147.9167,-28.73,100,23,1.66
110,Lavrentiya,RU,2022-02-19 03:13:16,65.5833,-171.0,-15.38,91,5,5.88
111,Jamestown,US,2022-02-19 03:13:16,42.097,-79.2353,18.09,62,0,13.8
112,Acapulco,MX,2022-02-19 03:12:30,16.8634,-99.8901,78.62,78,20,0.0
113,Rorvik,NO,2022-02-19 03:13:17,64.8621,11.2373,31.84,88,100,13.38
114,Atar,MR,2022-02-19 03:13:17,20.5169,-13.0499,70.21,15,100,3.13
115,Thompson,CA,2022-02-19 03:13:17,55.7435,-97.8558,-12.35,90,100,8.59
116,Hasaki,JP,2022-02-19 03:13:18,35.7333,140.8333,48.29,53,100,12.15
117,Shimoda,JP,2022-02-19 03:13:18,34.6667,138.95,47.1,60,100,9.8
118,Wasilla,US,2022-02-19 03:13:18,61.5814,-149.4394,37.49,87,100,9.22
119,Lorengau,PG,2022-02-19 03:13:19,-2.0226,147.2712,82.63,77,100,13.49
120,Saint-Philippe,RE,2022-02-19 03:13:19,-21.3585,55.7679,78.39,87,78,17.52
121,Chapais,CA,2022-02-19 03:13:19,49.7834,-74.8492,-18.62,100,100,1.92
122,Kilindoni,TZ,2022-02-19 03:13:20,-7.9139,39.6668,81.75,81,12,10.27
123,Bengkulu,ID,2022-02-19 03:13:20,-3.8004,102.2655,77.47,84,100,5.82
124,Jining,CN,2022-02-19 03:13:20,35.405,116.5814,36.21,20,100,13.78
125,Sibsagar,IN,2022-02-19 03:13:20,26.9833,94.6333,62.78,51,19,0.78
126,Sorland,NO,2022-02-19 03:13:21,67.667,12.6934,32.52,58,100,12.33
127,Bredasdorp,ZA,2022-02-19 03:13:21,-34.5322,20.0403,62.28,94,17,1.92
128,Port Lincoln,AU,2022-02-19 03:12:38,-34.7333,135.8667,67.91,56,7,8.7
129,Iquique,CL,2022-02-19 03:12:13,-20.2208,-70.1431,69.84,80,73,3.65
130,Esna,EG,2022-02-19 03:13:22,25.2934,32.554,52.03,52,0,11.99
131,Sao Filipe,CV,2022-02-19 03:13:22,14.8961,-24.4956,70.63,63,0,11.9
132,Ilulissat,GL,2022-02-19 03:13:22,69.2167,-51.1,24.82,46,100,23.02
133,Richards Bay,ZA,2022-02-19 03:11:30,-28.783,32.0377,68.9,90,77,4.34
134,Coihaique,CL,2022-02-19 03:13:23,-45.5752,-72.0662,60.75,67,72,5.75
135,Lebedyn,UA,2022-02-19 03:14:23,50.5852,34.4849,31.37,92,13,8.28
136,Paciran,ID,2022-02-19 03:14:23,-6.8767,112.3761,83.26,74,88,1.66
137,Varhaug,NO,2022-02-19 03:14:24,58.6147,5.6457,36.48,73,100,23.91
138,Salalah,OM,2022-02-19 03:14:24,17.0151,54.0924,68.09,56,0,3.44
139,Khatanga,RU,2022-02-19 03:14:25,71.9667,102.5,-32.85,99,88,1.74
140,Pierre,US,2022-02-19 03:14:25,44.3683,-100.351,28.06,45,0,20.0
141,Bonavista,CA,2022-02-19 03:14:25,48.6499,-53.1147,43.38,91,100,32.57
142,Sitniki,RU,2022-02-19 03:14:25,56.4553,44.0666,31.98,93,80,6.91
143,Aguimes,ES,2022-02-19 03:14:26,27.9054,-15.4461,61.43,72,40,18.41
144,Cochrane,CA,2022-02-19 03:14:26,51.1834,-114.4687,20.86,71,66,6.22
145,Constitucion,CL,2022-02-19 03:14:27,-35.3333,-72.4167,54.82,87,0,10.49
146,Maumere,ID,2022-02-19 03:14:27,-8.6199,122.2111,85.17,67,100,4.34
147,Gaoua,BF,2022-02-19 03:14:27,10.2992,-3.2508,79.3,15,9,2.95
148,Ribeira Grande,PT,2022-02-19 03:14:28,38.5167,-28.7,54.3,58,97,9.51
149,Havre-Saint-Pierre,CA,2022-02-19 03:14:28,50.2334,-63.5986,4.62,72,100,12.06
150,Itarema,BR,2022-02-19 03:14:29,-2.9248,-39.9167,79.09,78,31,9.78
151,Atambua,ID,2022-02-19 03:14:29,-9.1061,124.8925,82.54,72,64,2.75
152,Fortuna,US,2022-02-19 03:10:37,40.5982,-124.1573,49.19,90,100,6.91
153,Brigham City,US,2022-02-19 03:14:29,41.5102,-112.0155,42.01,58,0,10.0
154,Khash,IR,2022-02-19 03:14:30,28.2211,61.2158,49.26,43,0,1.99
155,Abnub,EG,2022-02-19 03:14:30,27.2696,31.1511,50.63,77,24,14.45
156,Impfondo,CG,2022-02-19 03:14:30,1.6381,18.0667,78.06,61,99,5.57
157,Hervey Bay,AU,2022-02-19 03:14:31,-25.2986,152.8535,87.04,66,0,7.0
158,Nizhniy Kuranakh,RU,2022-02-19 03:14:31,58.8353,125.4869,-2.97,89,100,3.51
159,Longyearbyen,SJ,2022-02-19 03:14:32,78.2186,15.6401,4.84,72,20,14.97
160,Aklavik,CA,2022-02-19 03:14:32,68.2191,-135.0107,-21.24,96,76,5.93
161,Butaritari,KI,2022-02-19 03:14:32,3.0707,172.7902,81.01,82,40,19.39
162,General Roca,AR,2022-02-19 03:13:47,-39.0333,-67.5833,79.2,12,0,8.5
163,Kutum,SD,2022-02-19 03:14:33,14.2,24.6667,55.17,30,0,17.29
164,Cayenne,GF,2022-02-19 03:14:33,4.9333,-52.3333,75.09,92,100,2.3
165,Polyarnyy,RU,2022-02-19 03:14:33,69.1989,33.4478,27.07,92,100,27.31
166,Yumen,CN,2022-02-19 03:14:34,40.2833,97.2,16.3,35,0,9.37
167,Atuona,PF,2022-02-19 03:14:34,-9.8,-139.0333,78.53,78,15,19.55
168,Sao Felix Do Xingu,BR,2022-02-19 03:13:52,-6.6447,-51.995,71.47,99,100,3.0
169,Vila Franca Do Campo,PT,2022-02-19 03:14:35,37.7167,-25.4333,55.2,66,100,9.75
170,Bartlesville,US,2022-02-19 03:11:45,36.7473,-95.9808,41.56,70,0,3.44
171,Cabo San Lucas,MX,2022-02-19 03:14:18,22.8909,-109.9124,68.5,71,0,4.61
172,Guangyuan,CN,2022-02-19 03:14:35,32.442,105.823,41.41,38,100,9.13
173,Grindavik,IS,2022-02-19 03:14:36,63.8424,-22.4338,28.87,69,0,23.02
174,San Jeronimo,PE,2022-02-19 03:14:36,-11.9472,-75.2829,50.05,82,100,1.88
175,Yenagoa,NG,2022-02-19 03:14:36,4.9247,6.2642,77.76,92,100,3.4
176,Neiafu,TO,2022-02-19 03:14:37,-18.65,-173.9833,84.88,70,20,8.05
177,Shirvan,AZ,2022-02-19 03:14:37,39.9509,48.8994,41.85,67,6,7.02
178,Berekum,GH,2022-02-19 03:14:37,7.4534,-2.584,72.68,89,90,3.87
179,Codrington,AU,2022-02-19 03:14:38,-38.2667,141.9667,67.5,48,7,13.53
180,Suba,PH,2022-02-19 03:15:38,10.8438,121.0102,80.33,83,100,16.75
181,Tucuman,AR,2022-02-19 03:15:39,-26.8241,-65.2226,71.6,94,40,6.91
182,Qaanaaq,GL,2022-02-19 03:15:39,77.484,-69.3632,-2.56,52,98,7.43
183,Biak,ID,2022-02-19 03:15:39,-0.9131,122.8766,80.31,77,100,2.95
184,Dingle,PH,2022-02-19 03:15:40,10.9995,122.6711,85.93,66,99,12.55
185,Bayan,CN,2022-02-19 03:15:40,46.0833,127.4,13.23,86,100,4.29
186,Northam,GB,2022-02-19 03:15:40,51.0333,-4.2167,42.62,71,15,20.78
187,Saquarema,BR,2022-02-19 03:15:41,-22.92,-42.5103,73.56,90,100,8.79
188,Saint-Francois,FR,2022-02-19 03:15:41,46.4154,3.9054,42.24,81,100,6.91
189,Pevek,RU,2022-02-19 03:15:41,69.7008,170.3133,-30.37,99,82,3.67
190,Flinders,AU,2022-02-19 03:15:42,-34.5833,150.8552,73.8,73,92,7.99
191,Honningsvag,NO,2022-02-19 03:15:42,70.9821,25.9704,24.33,67,100,31.63
192,Tromso,NO,2022-02-19 03:11:22,69.6496,18.957,28.42,59,75,8.05
193,Tessalit,ML,2022-02-19 03:15:42,20.1986,1.0114,69.62,15,100,8.41
194,Whitianga,NZ,2022-02-19 03:15:43,-36.8333,175.7,70.34,67,100,5.46
195,Ancud,CL,2022-02-19 03:15:43,-41.8697,-73.8203,61.23,94,28,1.88
196,Palmas Bellas,PA,2022-02-19 03:15:43,9.2319,-80.0867,78.71,73,76,12.5
197,Prado,BR,2022-02-19 03:15:03,-17.3411,-39.2208,76.44,89,98,9.26
198,Nuevo Progreso,MX,2022-02-19 03:15:44,23.1667,-97.95,59.59,54,7,10.56
199,Shatrovo,RU,2022-02-19 03:15:45,56.5167,64.6333,6.51,94,5,8.48
200,Charleston,US,2022-02-19 03:15:46,32.7766,-79.9309,61.09,57,0,10.36
201,Deputatskiy,RU,2022-02-19 03:15:46,69.3,139.9,-27.36,99,76,1.72
202,Luderitz,NA,2022-02-19 03:15:47,-26.6481,15.1594,69.03,73,7,10.6
203,Sept-Iles,CA,2022-02-19 03:11:04,50.2001,-66.3821,3.06,68,0,1.99
204,Road Town,VG,2022-02-19 03:15:47,18.4167,-64.6167,75.99,76,1,19.91
205,Arzgir,RU,2022-02-19 03:15:48,45.3728,44.2206,36.48,89,88,2.15
206,Adrar,MR,2022-02-19 03:15:48,20.5022,-10.0711,65.95,10,100,8.12
207,Klaksvik,FO,2022-02-19 03:15:48,62.2266,-6.589,32.92,64,98,20.02
208,Dafeng,CN,2022-02-19 03:15:49,23.4517,108.5881,43.03,89,100,10.33
209,Touros,BR,2022-02-19 03:15:49,-5.1989,-35.4608,79.7,82,12,8.77
210,Nanortalik,GL,2022-02-19 03:15:50,60.1432,-45.2371,15.17,72,100,7.49
211,Axim,GH,2022-02-19 03:15:50,4.8699,-2.2405,79.2,88,99,6.44
212,Bay Roberts,CA,2022-02-19 03:15:50,47.5999,-53.2648,52.34,89,100,17.0
213,Asfi,MA,2022-02-19 03:15:51,32.2994,-9.2372,60.58,71,100,5.44
214,Vestmannaeyjar,IS,2022-02-19 03:15:51,63.4427,-20.2734,34.39,74,100,31.12
215,Tasiilaq,GL,2022-02-19 03:15:51,65.6145,-37.6368,23.16,66,100,32.66
216,Rocha,UY,2022-02-19 03:15:52,-34.4833,-54.3333,61.68,88,6,6.13
217,Dwarka,IN,2022-02-19 03:15:52,22.2394,68.9678,71.82,63,0,11.9
218,Dubbo,AU,2022-02-19 03:15:31,-32.25,148.6167,86.13,42,0,18.41
219,Anadyr,RU,2022-02-19 03:15:52,64.75,177.4833,-10.7,76,75,8.95
220,Storforshei,NO,2022-02-19 03:15:53,66.4043,14.5233,18.66,96,100,2.86
221,Yeppoon,AU,2022-02-19 03:15:53,-23.1333,150.7333,91.18,64,95,15.26
222,Egvekinot,RU,2022-02-19 03:15:54,66.3167,-179.1667,-18.8,87,68,10.83
223,Maragogi,BR,2022-02-19 03:14:10,-9.0122,-35.2225,78.8,78,27,8.21
224,Madaoua,NE,2022-02-19 03:15:54,14.073,5.96,65.68,14,9,13.24
225,Vao,NC,2022-02-19 03:15:54,-22.6667,167.4833,80.91,71,16,4.25
226,Karoi,ZW,2022-02-19 03:16:55,-16.8099,29.6925,59.2,95,78,4.21
227,Dikson,RU,2022-02-19 03:16:55,73.5069,80.5464,-10.64,93,16,9.44
228,Penzance,GB,2022-02-19 03:16:55,50.1186,-5.5371,44.76,62,80,26.31
229,Namibe,AO,2022-02-19 03:16:56,-15.1961,12.1522,77.22,77,100,4.81
230,Mezhgorye,UA,2022-02-19 03:16:56,44.9667,34.4167,33.57,79,5,5.01
231,Vitim,RU,2022-02-19 03:16:57,59.4511,112.5578,1.08,88,76,2.77
232,Tigzirt,DZ,2022-02-19 03:16:57,36.8886,4.1198,60.1,52,91,10.18
233,Colares,PT,2022-02-19 03:16:57,38.7992,-9.4469,53.29,60,88,24.0
234,Avera,US,2022-02-19 03:16:58,33.194,-82.5271,49.87,46,69,10.76
235,Utinga,BR,2022-02-19 03:16:58,-5.8172,-35.3954,81.0,83,75,11.5
236,Iqaluit,CA,2022-02-19 03:16:59,63.7506,-68.5145,-32.31,66,20,5.75
237,Puerto Colombia,CO,2022-02-19 03:16:59,10.9878,-74.9547,78.89,78,0,33.78
238,Comodoro Rivadavia,AR,2022-02-19 03:15:00,-45.8667,-67.5,69.66,60,0,13.8
239,Odweyne,SO,2022-02-19 03:16:59,9.4092,45.064,63.09,48,21,6.67
240,Half Moon Bay,US,2022-02-19 03:17:00,37.4636,-122.4286,60.87,62,0,13.8
241,Mandalgovi,MN,2022-02-19 03:17:00,45.7625,106.2708,6.42,45,2,15.12
242,San Jose,US,2022-02-19 03:13:54,37.3394,-121.895,60.94,52,75,8.05
243,Beloha,MG,2022-02-19 03:17:00,-25.1667,45.05,72.39,88,16,13.09
244,Orito,CO,2022-02-19 03:17:01,0.6766,-76.8771,72.18,97,100,3.65
245,Phek,IN,2022-02-19 03:17:01,25.6667,94.5,53.4,51,2,0.83
246,Kavieng,PG,2022-02-19 03:17:01,-2.5744,150.7967,85.84,72,72,17.31
247,Ust-Kulom,RU,2022-02-19 03:17:02,61.6864,53.6902,29.16,94,100,11.86
248,Jumla,NP,2022-02-19 03:15:03,29.2747,82.1838,38.07,46,1,1.34
249,Champerico,GT,2022-02-19 03:17:02,14.3,-91.9167,82.35,73,46,5.55
250,Goba,ET,2022-02-19 03:17:03,7.0167,39.9833,50.65,63,47,2.75
251,Kismayo,SO,2022-02-19 03:17:03,-0.3582,42.5454,76.44,87,99,12.28
252,Bowen,AU,2022-02-19 03:17:04,-20.0167,148.2333,85.15,60,7,14.41
253,Bezhta,RU,2022-02-19 03:17:04,42.1338,46.1283,20.66,48,9,6.69
254,San Cristobal,VE,2022-02-19 03:17:05,7.7669,-72.225,69.98,92,86,2.15
255,Caravelas,BR,2022-02-19 03:17:05,-17.7125,-39.2481,77.59,84,63,9.35
256,Smoky Lake,CA,2022-02-19 03:17:06,54.1169,-112.4686,15.49,92,100,9.22
257,Mitsamiouli,KM,2022-02-19 03:17:06,-11.3847,43.2844,81.61,77,15,1.5
258,Waterlooville,GB,2022-02-19 03:17:06,50.8807,-1.0304,41.54,85,4,11.99
259,Baruun-Urt,MN,2022-02-19 03:17:07,46.6806,113.2792,-2.25,75,5,9.66
260,Homer,US,2022-02-19 03:17:07,59.6425,-151.5483,38.8,79,75,11.5
261,Vardo,NO,2022-02-19 03:17:07,70.3705,31.1107,24.55,87,100,35.88
262,Ulaanbaatar,MN,2022-02-19 03:17:08,47.9077,106.8832,-5.67,71,52,0.0
263,Meulaboh,ID,2022-02-19 03:17:08,4.1363,96.1285,83.08,71,99,3.83
264,Chara,RU,2022-02-19 03:17:09,56.9064,118.2631,-8.16,90,100,2.28
265,Uthal,PK,2022-02-19 03:17:09,25.8072,66.6219,70.41,36,0,4.56
266,Alice Springs,AU,2022-02-19 03:17:09,-23.7,133.8833,81.95,32,0,12.66
267,Bandarbeyla,SO,2022-02-19 03:17:10,9.4942,50.8122,73.42,72,36,12.41
268,Barkly West,ZA,2022-02-19 03:17:10,-28.5354,24.5215,63.68,70,81,6.35
269,Eregli,TR,2022-02-19 03:17:11,37.5133,34.0467,30.2,95,100,3.53
270,Pitimbu,BR,2022-02-19 03:17:11,-7.4706,-34.8086,81.19,77,87,9.19
271,Kipini,KE,2022-02-19 03:17:11,-2.5257,40.5262,79.09,91,62,4.45
272,Viedma,AR,2022-02-19 03:17:12,-40.8135,-62.9967,67.33,74,41,15.57
273,Semey,KZ,2022-02-19 03:17:12,50.4111,80.2275,10.62,67,0,6.71
274,Inhambane,MZ,2022-02-19 03:18:13,-23.865,35.3833,75.18,94,75,3.44
275,Gizo,SB,2022-02-19 03:18:13,-8.103,156.8419,85.55,67,95,6.06
276,Carandai,BR,2022-02-19 03:18:13,-20.9536,-43.8064,62.06,91,100,1.25
277,Timmins,CA,2022-02-19 03:18:14,48.4669,-81.3331,-0.58,78,100,12.66
278,Puerto Ayora,EC,2022-02-19 03:18:14,-0.7393,-90.3518,77.56,91,70,3.0
279,Kedrovyy,RU,2022-02-19 03:18:14,56.1667,91.8167,18.01,94,100,7.9
280,Mbandaka,CD,2022-02-19 03:18:15,0.0487,18.2603,73.96,77,99,4.27
281,Chabahar,IR,2022-02-19 03:18:15,25.2919,60.643,69.48,60,0,3.51
282,Gualeguaychu,AR,2022-02-19 03:18:16,-33.0094,-58.5172,73.04,80,0,6.82
283,Kijang,KR,2022-02-19 03:18:16,35.2442,129.2139,47.93,60,100,5.08
284,Stromness,GB,2022-02-19 03:18:16,58.965,-3.296,39.16,57,99,17.98
285,Aljezur,PT,2022-02-19 03:18:17,37.3191,-8.8033,52.43,61,98,21.07
286,Pran Buri,TH,2022-02-19 03:18:17,12.3847,99.9098,86.02,71,24,4.38
287,Neuquen,AR,2022-02-19 03:17:39,-38.9516,-68.0591,78.69,29,0,11.5
288,Oban,GB,2022-02-19 03:18:18,56.4127,-5.4706,37.38,77,76,19.01
289,Fairbanks,US,2022-02-19 03:18:18,64.8378,-147.7164,4.3,82,100,0.0
290,Mayumba,GA,2022-02-19 03:18:19,-3.432,10.6554,78.4,86,94,2.37
291,Chichibu,JP,2022-02-19 03:18:19,35.9903,139.0764,47.08,51,100,3.44
292,Geraldton,AU,2022-02-19 03:18:20,-28.7667,114.6,104.41,8,0,12.66
293,Lere,NG,2022-02-19 03:18:20,10.387,8.5726,67.86,17,14,8.9
294,Ako,JP,2022-02-19 03:18:20,34.75,134.4,42.46,71,100,7.45
295,Lima,PE,2022-02-19 03:18:12,-12.0432,-77.0282,71.38,60,40,2.3
296,Hobyo,SO,2022-02-19 03:18:21,5.3505,48.5268,75.16,72,80,14.7
297,Kruisfontein,ZA,2022-02-19 03:18:22,-34.0033,24.7314,60.89,86,1,4.54
298,Vestmanna,FO,2022-02-19 03:18:22,62.1564,-7.1664,31.12,74,75,12.66
299,San Matias,BO,2022-02-19 03:18:23,-16.3667,-58.4,73.53,89,100,2.71
300,Khor,RU,2022-02-19 03:18:23,47.8861,134.9464,10.78,88,100,3.85
301,Constantine,DZ,2022-02-19 03:18:23,36.365,6.6147,42.21,70,0,2.3
302,Belyy Yar,RU,2022-02-19 03:18:24,53.6039,91.3903,4.89,78,0,2.24
303,Jiwani,PK,2022-02-19 03:18:24,25.05,61.7417,70.16,55,0,5.5
304,Salinas,US,2022-02-19 03:18:25,36.6777,-121.6555,60.66,75,0,5.75
305,Chuy,UY,2022-02-19 03:18:25,-33.6971,-53.4616,66.51,84,13,8.52
306,Sao Joao Da Barra,BR,2022-02-19 03:18:26,-21.6403,-41.0511,74.14,95,100,15.39
307,Mehamn,NO,2022-02-19 03:18:26,71.0357,27.8492,24.75,93,75,19.57
308,Saldanha,ZA,2022-02-19 03:18:26,-33.0117,17.9442,61.23,95,6,4.18
309,Aden,YE,2022-02-19 03:18:27,12.7794,45.0367,76.48,73,4,18.57
310,Umm Lajj,SA,2022-02-19 03:18:27,25.0213,37.2685,68.16,52,49,21.32
311,Morant Bay,JM,2022-02-19 03:18:27,17.8815,-76.4093,78.42,82,13,8.1
312,Norman Wells,CA,2022-02-19 03:18:28,65.282,-126.8329,-5.76,59,100,4.61
313,Mapiripan,CO,2022-02-19 03:18:28,2.8892,-72.1256,79.27,55,84,4.12
314,Upernavik,GL,2022-02-19 03:18:29,72.7868,-56.1549,-19.05,90,86,9.75
315,Manga,BF,2022-02-19 03:18:29,11.6636,-1.0731,78.55,16,17,7.74
316,Lac Du Bonnet,CA,2022-02-19 03:18:29,50.2536,-96.0612,-2.15,92,100,10.51
317,Gotsu,JP,2022-02-19 03:18:30,35.0,132.2167,37.54,79,100,0.67
318,Waipawa,NZ,2022-02-19 03:18:30,-41.4122,175.5153,69.46,62,98,13.85
319,Nelson Bay,AU,2022-02-19 03:18:31,-32.7167,152.15,78.96,57,48,4.0
320,Yuxia,CN,2022-02-19 03:19:31,34.0615,108.6291,38.01,65,100,4.76
321,Nueva Loja,EC,2022-02-19 03:19:31,0.0847,-76.8828,71.83,98,100,2.3
322,Eberndorf,AT,2022-02-19 03:19:32,46.5914,14.6436,48.92,87,67,2.82
323,Natal,BR,2022-02-19 03:19:13,-5.795,-35.2094,80.82,74,75,11.5
324,Jutai,BR,2022-02-19 03:19:32,-5.1833,-68.9,72.82,97,100,2.33
325,Bethanien,NA,2022-02-19 03:19:33,-26.502,17.1583,76.77,55,9,4.05
326,Ahipara,NZ,2022-02-19 03:19:33,-35.1667,173.1667,73.33,67,92,4.76
327,Brae,GB,2022-02-19 03:19:33,60.3964,-1.353,35.51,62,100,10.92
328,Krasnaya Gora,RU,2022-02-19 03:19:34,52.9995,31.6023,32.76,88,100,16.28
329,Lannion,FR,2022-02-19 03:19:34,48.75,-3.4167,41.41,87,20,10.36
330,Valparaiso,CL,2022-02-19 03:19:34,-33.0393,-71.6273,64.47,74,0,4.61
331,Pijijiapan,MX,2022-02-19 03:19:35,15.7011,-93.23,77.41,72,7,5.88
332,Sompeta,IN,2022-02-19 03:19:35,18.9333,84.6,76.19,71,12,2.73
333,Skelleftea,SE,2022-02-19 03:19:35,64.7507,20.9528,21.0,65,75,11.5
334,Tula,RU,2022-02-19 03:19:36,54.2044,37.6111,30.07,92,89,10.4
335,Ugoofaaru,MV,2022-02-19 03:19:36,5.6667,73.0,82.53,70,67,15.88
336,Muros,ES,2022-02-19 03:19:37,42.7762,-9.0603,46.24,70,38,10.13
337,Forio,IT,2022-02-19 03:19:37,40.7342,13.8646,52.45,83,1,8.19
338,Akhisar,TR,2022-02-19 03:19:37,38.9185,27.8401,40.55,84,0,5.37
339,Ustyuzhna,RU,2022-02-19 03:19:38,58.8394,36.4321,29.84,93,99,11.63
340,Terrace,CA,2022-02-19 03:19:38,54.5163,-128.6035,42.42,100,100,21.85
341,Tautira,PF,2022-02-19 03:19:38,-17.7333,-149.15,77.02,73,59,12.71
342,Tura,IN,2022-02-19 03:19:39,25.5198,90.2201,68.86,38,0,2.46
343,Savannah Bight,HN,2022-02-19 03:19:39,16.45,-85.85,77.0,81,5,19.91
344,Mpika,ZM,2022-02-19 03:19:39,-11.8343,31.4529,61.0,97,100,2.77
345,Calbuco,CL,2022-02-19 03:19:40,-41.768,-73.1273,60.01,87,64,0.98
346,Namtsy,RU,2022-02-19 03:19:40,62.7161,129.6658,-21.89,95,100,1.95
347,Ambulu,ID,2022-02-19 03:19:41,-8.345,113.6058,85.51,65,82,2.46
348,Nautla,MX,2022-02-19 03:19:41,20.2167,-96.7833,63.63,83,100,11.65
349,Maniitsoq,GL,2022-02-19 03:19:41,65.4167,-52.9,-5.76,92,100,5.21
350,Isla Mujeres,MX,2022-02-19 03:19:45,21.2311,-86.731,77.16,85,0,8.99
351,Izumo,JP,2022-02-19 03:19:45,35.3667,132.7667,39.15,93,75,4.61
352,Port Hedland,AU,2022-02-19 03:19:20,-20.3167,118.5667,95.05,55,38,10.36
353,Akdepe,TM,2022-02-19 03:19:46,42.0551,59.3788,28.49,54,81,6.15
354,Lazurne,UA,2022-02-19 03:19:46,46.084,32.5295,40.21,74,0,4.63
355,Long Xuyen,VN,2022-02-19 03:19:46,10.3833,105.4167,82.35,58,100,6.69
356,Cherskiy,RU,2022-02-19 03:19:47,68.75,161.3,-30.53,98,98,1.36
357,Inverbervie,GB,2022-02-19 03:19:47,56.8446,-2.28,36.45,86,99,13.78
358,Damietta,EG,2022-02-19 03:19:47,31.4165,31.8133,54.91,75,17,10.71
359,Suez,EG,2022-02-19 03:19:48,29.9737,32.5263,54.77,73,100,13.67
360,Broken Hill,AU,2022-02-19 03:19:48,-31.95,141.4333,78.51,25,0,9.84
361,Ixtapa,MX,2022-02-19 03:19:48,20.7,-105.2,72.63,78,20,5.75
362,Tuatapere,NZ,2022-02-19 03:19:49,-46.1333,167.6833,59.83,56,27,11.52
363,West Lafayette,US,2022-02-19 03:19:49,40.4259,-86.9081,31.57,68,0,14.97
364,Sisimiut,GL,2022-02-19 03:19:50,66.9395,-53.6735,-8.9,99,100,8.19
365,Coahuayana,MX,2022-02-19 03:20:50,18.7333,-103.6833,72.27,94,1,1.72
366,Noumea,NC,2022-02-19 03:20:50,-22.2763,166.4572,84.0,99,43,5.01
367,Price,US,2022-02-19 03:18:23,39.5994,-110.8107,41.11,41,0,12.66
368,Slawno,PL,2022-02-19 03:20:51,54.3628,16.6789,40.82,71,100,31.9
369,Kerikeri,NZ,2022-02-19 03:20:51,-35.2268,173.9474,73.08,59,100,7.72
370,Bambous Virieux,MU,2022-02-19 03:20:51,-20.3428,57.7575,79.05,94,75,12.66
371,Okha,RU,2022-02-19 03:16:58,53.5739,142.9478,15.12,91,100,15.7
372,Pacific Grove,US,2022-02-19 03:20:52,36.6177,-121.9166,60.24,81,0,5.75
373,Souillac,MU,2022-02-19 03:20:52,-20.5167,57.5167,79.18,94,75,12.66
374,Tilichiki,RU,2022-02-19 03:20:52,60.4667,166.1,-6.45,86,16,9.01
375,Torbay,CA,2022-02-19 03:17:52,47.6666,-52.7314,51.58,94,100,37.98
376,Lahan,NP,2022-02-19 03:20:53,26.7296,86.4951,65.73,46,0,3.18
377,Boundiali,CI,2022-02-19 03:20:53,9.5217,-6.4869,72.97,20,15,2.35
378,Labuhan,ID,2022-02-19 03:20:54,-6.8844,112.2051,82.26,75,93,1.97
379,San Quintin,MX,2022-02-19 03:20:54,30.4833,-115.95,58.84,47,0,9.31
380,Korla,CN,2022-02-19 03:20:54,41.7597,86.1469,26.6,38,10,1.97
381,Capaci,IT,2022-02-19 03:20:55,38.1711,13.2393,56.07,88,20,2.3
382,Chimbote,PE,2022-02-19 03:20:55,-9.0853,-78.5783,70.79,81,95,4.38
383,Redlands,US,2022-02-19 03:19:13,34.0556,-117.1825,63.14,31,0,3.0
384,Sakakah,SA,2022-02-19 03:20:56,29.9697,40.2064,54.97,35,100,7.25
385,Cleburne,US,2022-02-19 03:20:56,32.3476,-97.3867,46.85,34,0,1.99
386,Antalaha,MG,2022-02-19 03:20:56,-14.9003,50.2788,73.9,86,100,6.85
387,Tiarei,PF,2022-02-19 03:20:56,-17.5333,-149.3333,77.02,73,71,12.12
388,Atikokan,CA,2022-02-19 03:20:57,48.7555,-91.6216,1.71,88,100,13.56
389,Katsuura,JP,2022-02-19 03:20:57,35.1333,140.3,48.18,61,100,18.34
390,Port Blair,IN,2022-02-19 03:20:58,11.6667,92.75,80.64,89,75,10.36
391,Gorele,TR,2022-02-19 03:20:58,41.0308,39.0031,47.64,91,100,6.98
392,Saint-Augustin,CA,2022-02-19 03:20:58,51.226,-58.6502,5.83,78,100,20.67
393,Aginskoye,RU,2022-02-19 03:20:59,51.1,114.53,1.76,79,80,6.8
394,San Vicente,AR,2022-02-19 03:20:09,-26.6167,-54.1333,66.38,36,0,2.44
395,Yulara,AU,2022-02-19 03:20:59,-25.2406,130.9889,84.04,21,0,16.11
396,Samarai,PG,2022-02-19 03:20:59,-10.6167,150.6667,85.86,68,58,9.82
397,Asau,RO,2022-02-19 03:21:00,46.4333,26.4,34.75,81,92,5.88
398,Yambio,SS,2022-02-19 03:21:00,4.5721,28.3955,70.45,22,29,2.48
399,Benguela,AO,2022-02-19 03:21:00,-12.5763,13.4055,79.03,76,100,3.47
400,Goderich,CA,2022-02-19 03:16:04,43.7501,-81.7165,24.91,80,100,28.77
401,Guarapari,BR,2022-02-19 03:21:01,-20.6667,-40.4975,78.69,96,100,8.39
402,Norsup,VU,2022-02-19 03:21:01,-16.0667,167.3833,84.54,73,99,5.77
403,Los Llanos De Aridane,ES,2022-02-19 03:21:01,28.6585,-17.9182,60.55,68,75,18.41
404,Xining,CN,2022-02-19 03:21:02,36.6167,101.7667,13.17,64,96,2.59
405,Kamaishi,JP,2022-02-19 03:21:03,39.2667,141.8833,36.55,61,100,10.38
406,Casino,AU,2022-02-19 03:21:03,-28.8667,153.05,82.35,57,24,14.97
407,Forestville,US,2022-02-19 03:21:04,38.8451,-76.875,34.09,54,0,8.05
408,Moranbah,AU,2022-02-19 03:21:04,-22.0016,148.0466,90.41,36,100,15.77
409,Shache,CN,2022-02-19 03:21:05,38.4167,77.2406,26.71,38,10,0.31
410,Kalianget,ID,2022-02-19 03:21:05,-7.05,113.9333,82.76,74,91,5.1
411,Grojec,PL,2022-02-19 03:21:05,51.8625,20.8676,49.23,56,48,26.62
412,Ayan,RU,2022-02-19 03:21:06,56.45,138.1667,9.91,58,100,4.76
413,Luganville,VU,2022-02-19 03:21:06,-15.5333,167.1667,84.72,74,97,5.5
414,Angoche,MZ,2022-02-19 03:22:07,-16.2325,39.9086,77.7,87,97,4.16
415,Rumoi,JP,2022-02-19 03:22:07,43.9344,141.6428,29.77,66,100,6.17
416,Kenai,US,2022-02-19 03:20:48,60.5544,-151.2583,37.49,79,100,20.71
417,Saint-Pierre,RE,2022-02-19 03:22:07,-21.3393,55.4781,78.48,83,75,19.57
418,Nagato,JP,2022-02-19 03:22:08,34.3833,131.2,41.2,90,100,0.58
419,Ostrovnoy,RU,2022-02-19 03:22:08,68.0531,39.5131,23.85,88,100,21.05
420,Golden,US,2022-02-19 03:22:08,39.7555,-105.2211,36.41,56,20,5.01
421,Gedo,ET,2022-02-19 03:22:09,9.0167,37.45,58.66,51,92,1.86
422,Porto Velho,BR,2022-02-19 03:22:10,-8.7619,-63.9039,73.45,94,40,3.44
423,Paamiut,GL,2022-02-19 03:22:10,61.994,-49.6678,-3.08,92,6,8.61
424,Sangmelima,CM,2022-02-19 03:22:10,2.9333,11.9833,64.81,99,25,1.83
425,Baykit,RU,2022-02-19 03:22:11,61.67,96.37,-0.44,100,100,2.13
426,Necochea,AR,2022-02-19 03:22:11,-38.5473,-58.7368,62.04,83,0,13.49
427,Rundu,NA,2022-02-19 03:22:11,-17.9333,19.7667,65.01,86,23,1.95
428,Kaeo,NZ,2022-02-19 03:22:12,-35.1,173.7833,72.88,61,98,7.07
429,Darhan,MN,2022-02-19 03:22:12,49.4867,105.9228,-4.25,90,34,3.69
430,Laguna,US,2022-02-19 03:22:13,38.421,-121.4238,60.35,60,0,3.44
431,Komsomolskiy,UZ,2022-02-19 03:22:13,40.4272,71.7189,33.22,69,0,6.91
432,Grenville,GD,2022-02-19 03:22:14,12.1167,-61.6167,77.05,74,80,14.65
433,Harlingen,US,2022-02-19 03:19:02,26.1906,-97.6961,55.2,65,0,4.61
434,Cockburn Town,TC,2022-02-19 03:22:14,21.4612,-71.1419,77.56,76,6,19.37
435,Yuksekova,TR,2022-02-19 03:22:14,37.5736,44.2872,21.83,97,99,1.83
436,Bull Savanna,JM,2022-02-19 03:22:15,17.8868,-77.5902,72.01,84,16,4.88
437,Lazi,UA,2022-02-19 03:22:15,48.0667,24.2333,32.9,97,85,4.52
438,Wangqing,CN,2022-02-19 03:22:16,43.3218,129.7634,18.7,55,56,11.27
439,Sabang,ID,2022-02-19 03:22:16,5.8933,95.3214,83.12,73,100,10.07
440,Ulagan,RU,2022-02-19 03:22:16,50.6321,87.9563,6.6,88,100,0.92
441,Eureka,US,2022-02-19 03:22:17,40.8021,-124.1637,46.92,85,1,3.15
442,Pontes E Lacerda,BR,2022-02-19 03:22:17,-15.2261,-59.3353,72.34,97,100,0.96
443,Tomatlan,MX,2022-02-19 03:22:18,19.9333,-105.25,67.96,72,0,2.01
444,Dondo,MZ,2022-02-19 03:22:18,-19.6094,34.7431,81.91,93,97,6.91
445,Fort Nelson,CA,2022-02-19 03:22:18,58.8053,-122.7002,4.59,78,100,2.3
446,Kroya,ID,2022-02-19 03:22:19,-7.6331,109.2461,88.2,66,74,1.5
447,Pokhara,NP,2022-02-19 03:22:19,28.2333,83.9833,57.96,48,89,1.01
448,Ambilobe,MG,2022-02-19 03:22:20,-13.2,49.05,73.33,94,100,2.08
449,Meadow Lake,US,2022-02-19 03:17:52,34.8014,-106.5436,43.12,39,0,8.19
450,Lagoa,PT,2022-02-19 03:22:20,39.05,-27.9833,53.29,57,96,5.14
451,Hueyapan,MX,2022-02-19 03:22:20,18.8667,-98.6667,67.08,43,0,5.53
452,Nabari,JP,2022-02-19 03:22:21,34.6167,136.0833,46.09,59,100,5.06
453,Kolokani,ML,2022-02-19 03:22:21,13.5728,-8.0339,69.44,18,4,8.72
454,Linjiang,CN,2022-02-19 03:22:22,41.8069,126.9078,18.36,61,88,6.98
455,Vilyuysk,RU,2022-02-19 03:22:22,63.7553,121.6247,-13.79,94,91,4.18
456,Amboasary,MG,2022-02-19 03:22:23,-25.0333,46.3833,75.04,93,3,4.9
457,Peniche,PT,2022-02-19 03:22:23,39.3558,-9.3811,52.61,69,85,32.21
458,Yashkul,RU,2022-02-19 03:22:23,46.1711,45.3435,36.54,93,54,6.76
459,Iglesias,IT,2022-02-19 03:22:24,39.3114,8.535,51.75,52,15,1.74
460,Srednekolymsk,RU,2022-02-19 03:22:24,67.45,153.6833,-25.73,97,100,1.28
461,Cabedelo,BR,2022-02-19 03:20:24,-6.9811,-34.8339,81.27,78,99,9.93
462,Jimo,CN,2022-02-19 03:23:24,36.3897,120.4622,31.78,40,20,24.61
463,Tulun,RU,2022-02-19 03:23:25,54.5611,100.5792,17.47,92,100,7.96
464,Lasa,IT,2022-02-19 03:23:25,46.6166,10.7002,41.74,92,42,5.35
465,Kysyl-Syr,RU,2022-02-19 03:23:26,63.8986,122.7617,-13.31,94,93,4.36
466,Ulaangom,MN,2022-02-19 03:23:26,49.9811,92.0667,-10.37,96,98,0.89
467,Coachella,US,2022-02-19 03:23:26,33.6803,-116.1739,68.2,22,0,2.39
468,Joshimath,IN,2022-02-19 03:23:27,30.5667,79.5667,41.29,39,4,6.38
469,Poum,NC,2022-02-19 03:23:27,-20.2333,164.0167,82.49,71,94,6.53
470,Alofi,NU,2022-02-19 03:23:27,-19.0595,-169.9187,76.89,94,12,3.44
471,Georgiyevka,KZ,2022-02-19 03:23:28,43.0369,74.7114,26.64,86,3,2.24
472,Raudeberg,NO,2022-02-19 03:23:28,61.9875,5.1352,33.19,94,72,3.0
473,Dehloran,IR,2022-02-19 03:23:01,32.6941,47.2679,62.42,27,100,9.01
474,Kiunga,PG,2022-02-19 03:23:28,-6.1219,141.2906,82.51,81,92,2.82
475,Nishihara,JP,2022-02-19 03:23:29,26.1842,127.7558,69.08,89,100,15.66
476,Gopalpur,IN,2022-02-19 03:23:29,19.2667,84.9167,75.04,73,5,4.81
477,Zhuhai,CN,2022-02-19 03:23:30,22.2769,113.5678,57.97,94,40,24.16
478,Nabire,ID,2022-02-19 03:23:30,-3.3667,135.4833,82.9,70,100,1.63
479,Quatre Cocos,MU,2022-02-19 03:23:30,-20.2078,57.7625,78.91,91,100,26.11
480,Jalu,LY,2022-02-19 03:23:31,29.0331,21.5482,50.94,84,0,8.52
481,Ulladulla,AU,2022-02-19 03:23:31,-35.35,150.4667,72.77,55,84,4.92
482,Hoopstad,ZA,2022-02-19 03:23:31,-27.8327,25.9083,62.71,91,18,4.63
483,Porto-Vecchio,FR,2022-02-19 03:23:32,41.591,9.2795,53.26,71,0,9.22
484,Udachnyy,RU,2022-02-19 03:23:32,66.4167,112.4,-13.56,83,51,7.09
485,Matagami,CA,2022-02-19 03:23:33,49.7502,-77.6328,-12.89,77,100,3.44
486,Luanda,AO,2022-02-19 03:23:33,-8.8368,13.2343,77.27,84,100,6.76
487,Harrisonburg,US,2022-02-19 03:23:33,38.4496,-78.8689,31.19,72,0,0.0
488,Bereznik,RU,2022-02-19 03:23:34,62.8551,42.7072,28.18,89,96,12.35
489,Qasigiannguit,GL,2022-02-19 03:23:34,68.8193,-51.1922,25.05,96,100,4.45
490,Nemuro,JP,2022-02-19 03:23:34,43.3236,145.575,28.83,60,22,10.38
491,Saveh,IR,2022-02-19 03:23:35,35.0213,50.3566,46.02,49,97,3.65
492,Dunedin,NZ,2022-02-19 03:19:34,-45.8742,170.5036,58.8,80,100,5.99
493,Saint George,US,2022-02-19 03:21:34,37.1041,-113.5841,56.25,26,0,8.05
494,Natchitoches,US,2022-02-19 03:23:35,31.7668,-93.1335,38.25,81,0,0.0
495,Bagotville,AU,2022-02-19 03:23:36,-28.9833,153.4167,82.42,77,15,13.91
496,Corinto,GR,2022-02-19 03:23:36,37.9407,22.9573,55.0,81,0,1.45
497,Jurmala,LV,2022-02-19 03:23:36,56.968,23.7704,33.82,93,100,18.41
498,Peleduy,RU,2022-02-19 03:23:39,59.6289,112.7406,0.77,90,91,2.35
499,Zemio,CF,2022-02-19 03:23:39,5.0314,25.1361,70.5,21,45,3.53
500,Ust-Barguzin,RU,2022-02-19 03:23:40,53.45,108.9833,-0.51,90,97,3.62
501,Magrath,CA,2022-02-19 03:20:33,49.4167,-112.8686,44.74,86,93,0.0
502,Lompoc,US,2022-02-19 03:23:40,34.6391,-120.4579,56.88,89,0,7.0
503,Awjilah,LY,2022-02-19 03:23:41,29.1081,21.2869,50.97,84,0,8.28
504,Plettenberg Bay,ZA,2022-02-19 03:23:41,-34.0527,23.3716,69.06,71,0,2.57
505,Quepos,CR,2022-02-19 03:23:41,9.4236,-84.1652,81.7,74,46,2.13
506,Olafsvik,IS,2022-02-19 03:24:42,64.8945,-23.7142,29.77,59,100,18.48
507,Petukhovo,RU,2022-02-19 03:24:42,55.0692,67.9019,5.34,91,5,8.5
508,Shingu,JP,2022-02-19 03:24:42,33.7333,135.9833,52.92,62,100,4.9
509,Vostok,RU,2022-02-19 03:24:43,46.4856,135.8833,14.18,76,89,2.82
510,Alta Floresta,BR,2022-02-19 03:24:43,-9.8756,-56.0861,71.46,99,100,2.35
511,Rio Cuarto,AR,2022-02-19 03:24:43,-33.1307,-64.3499,71.67,60,0,9.26
512,Mayo,US,2022-02-19 03:24:44,38.8876,-76.5119,35.58,55,0,6.91
513,Panzhihua,CN,2022-02-19 03:24:44,26.5851,101.7128,59.99,37,0,2.66
514,Berlevag,NO,2022-02-19 03:24:44,70.8578,29.0864,24.8,73,100,32.7
515,Ca Mau,VN,2022-02-19 03:23:57,9.1769,105.15,90.25,45,78,7.58
516,Eyl,SO,2022-02-19 03:24:45,7.9803,49.8164,70.86,80,63,10.6
517,Manosque,FR,2022-02-19 03:24:45,43.8288,5.7869,50.4,83,50,5.97
518,Tooele,US,2022-02-19 03:24:45,40.5308,-112.2983,39.16,86,0,6.91
519,Clyde River,CA,2022-02-19 03:24:46,70.4692,-68.5914,-30.77,68,20,3.44
520,Kondinskoye,RU,2022-02-19 03:24:46,59.6481,67.41,21.79,87,69,12.1
521,Bud,US,2022-02-19 03:24:47,39.447,-86.1758,30.18,66,0,15.73
522,Saint-Junien,FR,2022-02-19 03:24:47,45.8833,0.9,40.84,97,100,1.9
523,Merauke,ID,2022-02-19 03:24:48,-8.4667,140.3333,84.78,69,63,7.67
524,Dengfeng,CN,2022-02-19 03:24:48,34.4553,113.0281,34.72,66,100,1.34
525,Mogadishu,SO,2022-02-19 03:24:48,2.0371,45.3438,75.07,83,75,5.75
526,Pingzhuang,CN,2022-02-19 03:24:49,42.0372,119.2889,12.65,45,6,16.49
527,Gnjilane,XK,2022-02-19 03:24:49,42.4604,21.4699,36.59,66,2,3.47
528,San Luis,AR,2022-02-19 03:24:49,-33.295,-66.3356,74.23,42,0,12.35
529,Alekseyevsk,RU,2022-02-19 03:24:50,57.8406,108.3492,5.9,91,100,3.65
530,Garden City,US,2022-02-19 03:24:50,42.3256,-83.331,27.66,72,100,21.85
531,Santa Rosa,PH,2022-02-19 03:24:50,14.3122,121.1114,87.78,73,97,6.04
532,Dali,CN,2022-02-19 03:24:51,25.7,100.1833,55.89,31,0,2.84
533,Santiago De Cuba,CU,2022-02-19 03:24:51,20.0247,-75.8219,78.42,83,20,6.91
534,Taltal,CL,2022-02-19 03:24:52,-25.4,-70.4833,67.46,83,16,1.63
535,Monte Santo De Minas,BR,2022-02-19 03:24:52,-21.1897,-46.9803,62.58,82,99,2.8
536,Pangoa,PE,2022-02-19 03:24:52,-12.1167,-73.0,69.4,97,98,0.98
537,Muravlenko,RU,2022-02-19 03:24:53,63.7898,74.523,24.42,93,100,16.96
538,Macrohon,PH,2022-02-19 03:24:53,10.0797,124.9431,82.18,75,100,9.6
539,Banepa,NP,2022-02-19 03:24:54,27.6298,85.5214,52.12,76,40,2.3
540,Novyy Nekouz,RU,2022-02-19 03:24:54,57.9029,38.07,30.47,88,100,11.01
541,Gamba,GA,2022-02-19 03:24:54,-2.65,10.0,78.31,86,74,5.46
542,Kununurra,AU,2022-02-19 03:24:42,-15.7667,128.7333,93.18,49,21,4.61
